username,name,language,topic,exercises,root_id,password
linh.nguyen.en,Linh Nguyễn,en,Làm quen và giao tiếp xã hội,100,815,Demo@1010
lara.hoffmann.de,Lara Hoffmann,de,Làm quen và giao tiếp xã hội,100,926,Demo@1010
mai.tran.en,Mai Trần,en,Gia đình và các mối quan hệ,100,1037,Demo@1010
jonas.weber.de,Jonas Weber,de,Gia đình và các mối quan hệ,100,1148,Demo@1010
bao.le.en,Bảo Lê,en,Nhà ở và đời sống hằng ngày,100,1259,Demo@1010
mila.schneider.de,Mila Schneider,de,Nhà ở và đời sống hằng ngày,100,1370,Demo@1010
thao.pham.en,Thảo Phạm,en,Ăn uống và nấu ăn,100,1481,Demo@1010
felix.wagner.de,Felix Wagner,de,Ăn uống và nấu ăn,100,1592,Demo@1010
nam.hoang.en,Nam Hoàng,en,Mua sắm và dịch vụ,100,1703,Demo@1010
lea.becker.de,Lea Becker,de,Mua sắm và dịch vụ,100,1814,Demo@1010
ha.vu.en,Hà Vũ,en,Du lịch và đi lại,100,1925,Demo@1010
paul.fischer.de,Paul Fischer,de,Du lịch và đi lại,100,2036,Demo@1010
huy.dang.en,Huy Đặng,en,Công việc và nghề nghiệp,100,2147,Demo@1010
emma.hartmann.de,Emma Hartmann,de,Công việc và nghề nghiệp,100,2258,Demo@1010
an.bui.en,An Bùi,en,Học tập và kỹ năng học ngoại ngữ,100,2369,Demo@1010
noah.keller.de,Noah Keller,de,Học tập và kỹ năng học ngoại ngữ,100,2480,Demo@1010
yen.do.en,Yến Đỗ,en,Sức khỏe và lối sống,100,2591,Demo@1010
mia.braun.de,Mia Braun,de,Sức khỏe và lối sống,100,2702,Demo@1010
khanh.vo.en,Khánh Võ,en,Sở thích và giải trí,100,2813,Demo@1010
luis.bergmann.de,Luis Bergmann,de,Sở thích và giải trí,100,2924,Demo@1010
quang.ngo.en,Quang Ngô,en,Công nghệ và giao tiếp trực tuyến,100,3035,Demo@1010
lena.wolf.de,Lena Wolf,de,Công nghệ và giao tiếp trực tuyến,100,3146,Demo@1010
phuong.ly.en,Phương Lý,en,Văn hóa và cộng đồng,100,3257,Demo@1010
ben.neumann.de,Ben Neumann,de,Văn hóa và cộng đồng,100,3368,Demo@1010
trang.dinh.en,Trang Đinh,en,Ngữ pháp qua việc thường ngày,100,3479,Demo@1010
sophie.koch.de,Sophie Koch,de,Ngữ pháp qua việc thường ngày,100,3590,Demo@1010
duc.phan.en,Đức Phan,en,Ngữ pháp trong thảo luận và quyết định,100,3701,Demo@1010
finn.richter.de,Finn Richter,de,Ngữ pháp trong thảo luận và quyết định,100,3812,Demo@1010
ngoc.lam.en,Ngọc Lâm,en,Cụm từ và cách diễn đạt thiết thực,100,3923,Demo@1010
anna.vogt.de,Anna Vogt,de,Cụm từ và cách diễn đạt thiết thực,100,4034,Demo@1010
